Feature,Importance
channel_avg_likes,34.961778129818015
channel_avg_views,28.9955851084346
channel_total_trending,8.056927628374172
uppercase_ratio,7.059443397042205
title_length,6.613573502935029
publish_hour,5.129401547484124
word_count,3.6119948294238853
category_id,3.358915994128436
is_weekend,1.0018077960135834
has_number,0.8875974906323223
has_question,0.3229745757136291
